,gene,score,p-value
2084,Snap25,0.8382371466514893,1.5948144842435074e-67
17093,Calm2,0.7566108897742363,7.583152277244986e-48
14366,Vsnl1,0.752735923875363,4.1371226105844427e-47
7608,Scn1b,0.7258860569334742,2.3519612739353924e-42
853,Atp1b1,0.6856945551128818,3.308478352236921e-36
7837,Snrpn,0.6786826029216467,3.101963273250095e-35
14894,Hsp90aa1,0.6704618991580275,3.956775442602516e-34
12365,Gabra1,0.6670925152114783,1.0973682239569513e-33
1416,1110008P14Rik,0.6653011347537338,1.8773162142970844e-33
12279,Mdh1,0.6467195307758664,3.984302995080127e-31
2511,Stmn3,0.6436779690215998,9.245267987151115e-31
10105,Ndrg4,0.6401966686011629,2.394923388921228e-30
13301,Nsf,0.6286248766321639,5.19781238555708e-29
3923,Ppp3ca,0.625131308225768,1.2833517112848575e-28
5311,Ywhah,0.6238149542430305,1.7987148804267527e-28
18066,Usmg5,0.6163855055966609,1.1736716410164962e-27
6311,Ndufa4,0.6078565737051793,9.514440754223084e-27
5692,Cplx1,0.6056792314475337,1.607035922781113e-26
1414,Dnm1,0.6030158609402235,3.0346914104622704e-26
15074,Cox6c,0.6027091633466135,3.263933604909193e-26
9834,Rab3a,0.6024388184776174,3.4800951047614544e-26
6579,Nap1l5,0.6017742639306793,4.0732244991711093e-26
1642,Chn1,0.5997792828266628,6.518686617847758e-26
8812,Serinc1,0.5974582806788725,1.1219303261372563e-25
16890,Satb1,0.5959990599097271,1.5748556152626668e-25
15425,Ndufa6,0.5868935685828116,1.257552893566341e-24
5901,Atp2a2,0.5864300588612686,1.3954013358734054e-24
13895,Sncb,0.5770410815487622,1.1075826183090907e-23
9270,Syt1,0.5757208453274332,1.4742657016507132e-23
16226,Ttc3,0.5747867530251412,1.8034798328987946e-23
8946,Chchd10,0.573735969445029,2.2607311327590106e-23
8035,Pak1,0.5736978538186874,2.2793032008711924e-23
14882,Meg3,0.5688628343767785,6.379790002148672e-23
11331,Hspa8,0.5669428950863215,9.556049577062532e-23
3380,Serpini1,0.566878789897037,9.685399811319044e-23
2402,Tshz2,0.5656100761815738,1.263049179491218e-22
12670,Kcnab3,0.5630940752926227,2.131167781598795e-22
6983,Eno2,0.5611131136944725,3.2073389460177353e-22
4527,Uqcrh,0.558959434492487,4.98663866975394e-22
12850,Coro6,0.5514798180744397,2.252954381739139e-21
8513,Cend1,0.5482720386538131,4.252452325568692e-21
5668,Ephx4,0.5438279135894878,1.0139136969969944e-20
17231,Nrep,0.5408939651483633,1.7868184684685512e-20
9407,Atp5b,0.5402064124454563,2.038921927959799e-20
16159,App,0.5400080705763843,2.117930344961299e-20
2071,Chgb,0.5396467226246763,2.2696781576046902e-20
4706,Hpca,0.5359787043589621,4.560276687099758e-20
2898,Cox7b,0.5357957423567645,4.7207368869876583e-20
15913,Eif4a2,0.5347897844864454,5.707185772107332e-20
6521,Cycs,0.5333926968394052,7.420306670784037e-20
7130,Ldhb,0.5303692905272891,1.304146355981777e-19
17998,Got1,0.5290189812296803,1.6746175093327497e-19
10924,Nefm,0.5272809381950346,2.3066072683232503e-19
6637,Tmsb10,0.5264445578544056,2.689099525952854e-19
16061,Atp6v1a,0.5263524870212796,2.7348328072838485e-19
9237,Atp2b1,0.5262310710768386,2.7963116943704724e-19
14474,Etv1,0.5246110675363252,3.758684057290876e-19
4821,Stmn1,0.5243635978682692,3.931853149914162e-19
2901,Pgk1,0.5242203436519919,4.0356514473200137e-19
8921,Zwint,0.5238368431037754,4.326950607130456e-19
8721,Tspyl4,0.5224763291825312,5.536736519724057e-19
15312,Pvalb,0.5218366970146534,6.214795574797592e-19
11317,Nrgn,0.5217970024663252,6.259462144383324e-19
3729,Atp5f1,0.5200480474014751,8.5737126698334775e-19
11742,Cox7a2,0.5180561700294946,1.2241158311323152e-18
17730,Rtn3,0.5177203566685639,1.2995590056115557e-18
8189,Dkk3,0.5176781119322518,1.3093669969064641e-18
4771,Atpif1,0.5169652817302219,1.4862523105989987e-18
3347,Kcnab1,0.515380193707584,1.9678916687681194e-18
5626,Cds1,0.5153688205585144,1.9718487432599596e-18
5410,Kcnip4,0.5143435017546933,2.362597789109981e-18
12228,Ppia,0.5133295389869095,2.823426860368092e-18
12260,Ppp3r1,0.5128749669291292,3.0576399876257926e-18
17162,Osbpl1a,0.5097594931557766,5.2626426210844444e-18
862,Mpc2,0.5082327337952369,6.853150936452763e-18
1437,Stxbp1,0.5080524475598935,7.06960372582313e-18
4375,Slc24a2,0.5079766126753907,7.1626425656067e-18
12762,6330403K07Rik,0.5073542885184804,7.972913841346803e-18
12193,Uqcr10,0.5030651684813539,1.6589443424224544e-17
6448,Ndufb2,0.5017488722426717,2.072983889210621e-17
11489,Elmod1,0.5007354600965982,2.4592951239948807e-17
13340,Ddx5,0.5007262495428029,2.4631112751506867e-17
2283,Snhg11,0.49797068444000087,3.908720604237431e-17
1838,Scg5,0.49778970138869905,4.028500625712755e-17
2355,Slc12a5,0.4977808185310994,4.034471306480547e-17
13439,Wbp2,0.4970918176670256,4.525007904959794e-17
13088,Atp5g1,0.49630694861654406,5.155243198683034e-17
1645,Atp5g3,0.4947250996015936,6.6979498577856e-17
17248,Egr1,0.49435052706714305,7.124881848584443e-17
11536,Cox5a,0.49391563026075774,7.654099455955766e-17
16157,Atp5j,0.493187245826168,8.628003296254934e-17
776,Ier5,0.4929882440848357,8.914564089092227e-17
17747,Gng3,0.4927230368881585,9.311000676155845e-17
6875,Atp2b2,0.49169481383496105,1.1018019064709029e-16
5631,Mapk10,0.4910596693938069,1.2221936670434487e-16
17521,Atp5a1,0.4902505198729969,1.3943750524327658e-16
12672,Chd3os,0.4900158131303547,1.448620301145255e-16
8314,Ypel3,0.4895556639771822,1.5610376985358658e-16
2879,Nap1l2,0.4891648619181906,1.663191281629529e-16
5328,Nat8l,0.48904321697955944,1.6963049210058229e-16
1528,Cacnb4,0.48761350841904166,2.1373538795296067e-16
15179,Efr3a,0.4869187258758422,2.3904772423877913e-16
9818,Tmem59l,0.4867201976931815,2.468048791471819e-16
9778,Atp6v1b2,0.48530010491475106,3.099554999614613e-16
12489,Hint1,0.48513862697608556,3.180690238785318e-16
499,Cops9,0.4831814956646266,4.345746536863962e-16
16972,Pja2,0.4828646856326725,4.570082776907072e-16
9574,Ank1,0.4817259360036601,5.474073681284953e-16
12537,Snap47,0.48155131403771745,5.627365395815561e-16
10648,Ghitm,0.4815507130314424,5.627900180190684e-16
1485,Strbp,0.48049695584587876,6.646332844219813e-16
913,Ndufs2,0.48000246196755486,7.184464619159314e-16
14551,Fkbp3,0.47975277694086443,7.472166923222694e-16
17327,Rnf14,0.47957534189799655,7.6834450598175165e-16
12360,Mat2b,0.4752849519925678,1.5005089575010332e-15
3957,Lmo4,0.47498938661975043,1.5707762948060701e-15
15194,Khdrbs3,0.47269706391502775,2.2367431414647604e-15
10365,Tcf25,0.4726276877298409,2.260705072849664e-15
7008,Vamp1,0.4721476097167921,2.433544074618737e-15
3394,Glrb,0.4721329791260346,2.43900955055901e-15
12990,Cltc,0.47079029720600274,2.995215748858082e-15
3017,Htr2c,0.4705767219573161,3.0944477006916977e-15
14683,Ttc9,0.46911415753572966,3.86591538311837e-15
15112,Oxr1,0.4689389810200818,3.970085459180955e-15
7005,Gapdh,0.46891671409599694,3.983521839583348e-15
9700,Slc25a4,0.4685721874407133,4.197176789727299e-15
12422,Sqstm1,0.4685026749284275,4.241624038001596e-15
4999,Gm13205,0.46844125031907163,4.281282824841732e-15
8835,Psap,0.466340441347085,5.879237007130431e-15
16515,Uqcc2,0.4656295413789594,6.542146576134562e-15
11453,Timm8b,0.46373133386276844,8.691348214953508e-15
10254,Gabarapl2,0.463477180610048,9.027073062358278e-15
11703,Myo5a,0.46344194042541703,9.07461379955849e-15
2955,Gprasp1,0.4634259582410034,9.096255182945874e-15
6941,Atp6v1e1,0.4634180675744777,9.106958494798584e-15
14913,Ckb,0.4623524947827736,1.067140707928067e-14
6122,Prkar1b,0.45983696198303753,1.548130285613517e-14
14917,Klc1,0.45876922551633603,1.8113137769842874e-14
11560,Nptn,0.45825252149174656,1.9539138886421172e-14
14502,Ap4s1,0.4579041776726446,2.0561843330355237e-14
13871,Diras2,0.4575480028799188,2.1661609526581656e-14
11724,Fbxo9,0.4554050996708325,2.959924226364883e-14
4642,Pou3f1,0.45505129726798926,3.115845556228573e-14
10466,Thoc7,0.4550380280453976,3.121846889177394e-14
11991,Tma7,0.45454856030910495,3.35129203328535e-14
12199,Nefh,0.4528691887470959,4.2708691602878406e-14
5041,Acot7,0.45217975241198627,4.7160666552081456e-14
10876,Ctsb,0.45208305982411784,4.782024602345991e-14
3240,Gm11549,0.4513400112635668,5.319870568910264e-14
14003,Uqcrb,0.4512665019897062,5.3761864544999515e-14
14127,Cox7c,0.45094896604059953,5.6262194556069265e-14
5689,Atp5k,0.4504412824890912,6.049766720431171e-14
14923,2010107E04Rik,0.44896195199430744,7.469510685714575e-14
15789,2900011O08Rik,0.44892496545683114,7.508886224898286e-14
12388,Cyfip2,0.4487563057422338,7.691025717487681e-14
16982,Ndufv2,0.4485977443163756,7.866192291281263e-14
7792,Kcnc1,0.4485206602224956,7.95275097998081e-14
5491,Ociad1,0.4480025705605808,8.55914751014174e-14
16941,Ndufa11,0.44638457859043196,1.0758397971670436e-13
16204,Atp5o-1,0.44629044314661287,1.0902089626500264e-13
6211,Atp5j2,0.44577954847277557,1.1715242484422973e-13
8230,Gde1,0.4450416897128631,1.2995102865014264e-13
17978,Pgam1,0.4449384262831471,1.3184776982458056e-13
9198,Slc25a3,0.44468256094306935,1.3666475884606464e-13
12169,Selenom,0.44440242249149264,1.4213587560273328e-13
2971,Tceal3,0.44380390679775106,1.54551293171124e-13
14595,Rtn1,0.4427851342791076,1.7816192954881315e-13
15995,Kalrn,0.44268948873164876,1.8055141431676876e-13
5459,Uchl1,0.4423653955606147,1.8888311458178043e-13
1924,Ckmt1,0.44175496382014023,2.0560744146514717e-13
3107,Tmsb4x,0.4417355340542591,2.061628461644871e-13
11771,Snap91,0.4402605481896777,2.528898810063925e-13
3276,Ndufc1,0.439578977726472,2.778328439025419e-13
8317,Aldoa,0.4391122062440235,2.962841634640387e-13
11792,Rasgrf1,0.43880331813494794,3.091465154798502e-13
14303,Hcn1,0.4379205299455734,3.489856763325866e-13
681,Syt2,0.4379190486768029,3.49056561868134e-13
9800,Hapln4,0.4374372658573018,3.728735467507016e-13
11646,Herc1,0.4371440315944941,3.8813844516262007e-13
5400,Ldb2,0.4363850424668059,4.305374199173707e-13
4340,Trim32,0.4363169481627922,4.345551195041384e-13
6561,Neurod6,0.4362607921904834,4.378959436211008e-13
14060,Ndufs6,0.43604556981442166,4.5093361783194584e-13
15563,Pfkm,0.43596277237011755,4.560495474965029e-13
10366,Tubb3,0.43586418078325984,4.622152852460666e-13
2945,Hnrnph2,0.4342533958521023,5.752609995064668e-13
6986,Tpi1,0.43389944981976847,6.034996930224147e-13
4142,Dnaja1,0.43203197977382174,7.763993027068654e-13
16186,Synj1,0.431399298720822,8.452780420559363e-13
18016,Ndufb8,0.43125978231870876,8.612505200104502e-13
3589,Mllt11,0.4299029198695554,1.0327674152362147e-12
11571,Pkm,0.4298584708783912,1.0389158075821534e-12
18063,Ina,0.429837072132145,1.0418884990913272e-12
2583,Atp6ap2,0.42976782228245597,1.0515655945719195e-12
15177,Asap1,0.4294774275672844,1.0931092660633175e-12
18087,Dusp5,0.4293983025542562,1.1047035946164919e-12
12315,Rtn4,0.42923534601173485,1.1289610327067178e-12
2081,Lamp5,0.4285804904795728,1.2317883934819852e-12
4170,Ccl27a,0.4277605350751775,1.3734815164576295e-12
4367,Sh3gl2,0.42702916777569744,1.513188856776841e-12
15638,Scn8a,0.42652121731578385,1.6182750416746152e-12
10513,Camk2g,0.4264490567350396,1.6337695710605273e-12
10925,Nefl,0.4262042025498883,1.6874311383710655e-12
10557,Arhgef3,0.42608275935545725,1.7146800369515669e-12
3399,Gucy1b1,0.4255784667690644,1.8324933392046976e-12
4498,Rnf11,0.4249044896092485,2.002338681112208e-12
5376,Nsg1,0.4240476820666803,2.2405364899539986e-12
15099,Atp6v1c1,0.4235032375845883,2.4060178394753544e-12
5805,Dynll1,0.4226264465945741,2.697863584264312e-12
4102,Fut9,0.42204553048837495,2.909936633304054e-12
4043,Rab2a,0.4212341664635901,3.2335432363314557e-12
10021,Cbln1,0.4206451662306049,3.490168437152409e-12
4342,Brinp1,0.4202594484883876,3.6688669579000706e-12
5012,Clstn1,0.4199339783722254,3.826562981102342e-12
3313,Pfn2,0.41949200144435544,4.0513225836988074e-12
8248,Uqcrc2,0.41911744650158367,4.25182286379833e-12
16391,Flywch1,0.4184010884833535,4.6625684589664346e-12
7139,Bcat1,0.4183316759442111,4.70436374020382e-12
8266,Ndufab1,0.41815008281855437,4.815440296987367e-12
6293,Dync1i1,0.4165203101749632,5.933696835065482e-12
3416,Fbxw7,0.4164449631046225,5.99109578096792e-12
10563,Cacna2d3,0.41613876692112817,6.229970157220094e-12
11984,Uqcrc1,0.4152796232985489,6.950833637788642e-12
9941,Tecr,0.4147780739319917,7.408557459660475e-12
13131,Stac2,0.4114646906444537,1.1260435133750783e-11
2437,Atp5e,0.41145748652201203,1.1270633488284088e-11
12363,Ccng1,0.41126979992419926,1.1539519529425408e-11
12601,Ubb,0.41121153481312844,1.1624255097715938e-11
4744,Fabp3,0.41049928810556957,1.2710332270009354e-11
13127,Plxdc1,0.4100859892617088,1.3385197929014889e-11
14736,Acyp1,0.40954427922283443,1.43227625753558e-11
3942,Rap1gds1,0.4095386199402168,1.4332887052804536e-11
7486,Eid2,0.40755020797110186,1.8357053388081194e-11
1771,Lrrc4c,0.40738344001003923,1.8740629863126353e-11
8908,Ank3,0.407372230608662,1.8766690075608756e-11
11247,Dpy19l1,0.4070890090100507,1.943696625634905e-11
11495,Idh3a,0.4067110157701492,2.036792620903752e-11
2172,Nrsn2,0.4059836411717008,2.2283002524007593e-11
1061,Bpnt1,0.40554374173171104,2.3525046817874076e-11
16722,Atp6v1g2,0.40518270453773164,2.45945246020375e-11
10768,Slc22a17,0.4051200910643141,2.4784752310979683e-11
3260,Hspa4l,0.4050798234196801,2.4907846085827997e-11
16286,Mpc1,0.40489462984716534,2.54816630077115e-11
5670,A830010M20Rik,0.4026864087464122,3.339679873567941e-11
888,Rgs4,0.40156231670986237,3.829791630693676e-11
17632,Klc2,0.4010863728752559,4.057774755062456e-11
2684,Hprt,0.40102776922671685,4.0867432436660316e-11
6346,Ndufa5,0.4007512977998786,4.226141105957875e-11
12457,Ppp2ca,0.40046672129168925,4.3744518496152114e-11
15644,Nr4a1,0.39991221251599585,4.678118695906539e-11
4952,Efhd2,0.3997716020653995,4.758321823294021e-11
8006,Sytl2,0.3995979774841806,4.85920218641857e-11
8190,Mical2,0.3988402481198358,5.3243418632340356e-11
2980,Zcchc18,0.39854339291442925,5.518133127620643e-11
15376,Syngr1,0.3981284982860551,5.800512474781032e-11
4334,Atp6v1g1,0.3980996360829076,5.820670500824832e-11
12468,Uqcrq,0.39768885920932734,6.115055857608286e-11
10483,Nkiras1,0.3973232621380417,6.38919848136714e-11
70,Kcnq5,0.39717347021825533,6.504937624042786e-11
4876,Rap1gap,0.3966268771544341,6.944812159317031e-11
15176,Fam49b,0.39657284973827744,6.989829248461147e-11
14431,Myt1l,0.3963777587606792,7.1547577277509e-11
2633,Nkrf,0.3960113744555206,7.474778311966012e-11
4707,Fndc5,0.39600783919194826,7.477932972129633e-11
13205,Atp6v0a1,0.39591409066033617,7.562062366218837e-11
13001,Sept4,0.3958945667390188,7.579698402788611e-11
10911,Stmn4,0.39543236414585975,8.009078658670106e-11
12364,Gabrg2,0.3951196126782033,8.312933922516115e-11
6833,Bhlhe40,0.3950574944872006,8.374604821415737e-11
13959,Isca1,0.3949018562496842,8.531081442214262e-11
12461,Vdac1,0.39468307400095487,8.755855395192358e-11
13036,Hlf,0.3944033550485021,9.05163086209096e-11
17208,Rit2,0.39406284355544413,9.424809847293043e-11
3809,Rtca,0.39404540670700094,9.44431660988551e-11
7895,Sv2b,0.3926463538244238,1.1144134939590603e-10
16806,Hsp90ab1,0.39249478277366723,1.1345222905425858e-10
13124,B230217C12Rik,0.39241267270255936,1.1455625190460034e-10
2947,Armcx1,0.3924014113647326,1.1470847941522062e-10
9486,Timm44,0.39203827404964053,1.1972399356811643e-10
10085,Polr2c,0.39177383771971713,1.2350968580917497e-10
13873,Auh,0.3915615915853478,1.2663210664467404e-10
3065,Map7d2,0.39135440374111297,1.297540093045434e-10
3219,Pex5l,0.3910309053387671,1.3477852199434988e-10
2688,Rtl8a,0.3909721145248123,1.3571172341741574e-10
17255,Matr3,0.390939991422798,1.362242700190071e-10
1263,Grin1,0.39046155490797907,1.4408429639377303e-10
10888,Msra,0.39040222731526175,1.4508913897505713e-10
5557,Parm1,0.39014839232025456,1.4946578977325603e-10
6497,AI854703,0.39004581595542653,1.5127056819166109e-10
15906,Etv5,0.3900310831784914,1.5153151595423234e-10
14262,Ndufaf2,0.3890032620028362,1.7085675290850516e-10
12358,Tenm2,0.38825112252018906,1.8649414145262935e-10
7417,Atp1a3,0.38820641244545623,1.8746620750529947e-10
3750,Kcnc4,0.38728125373268485,2.0872096679103303e-10
12147,Sacm1l,0.3870160489143845,2.1523353451710206e-10
11471,Arhgap20,0.3870074069890881,2.1544903741836435e-10
286,Ndufs1,0.3860797379548384,2.398421015849683e-10
4636,Ndufs5,0.38586755668364225,2.4578715255851085e-10
3217,Ndufb5,0.385556361561981,2.5476595456157857e-10
6366,Ccdc136,0.3850748492978769,2.692895687114946e-10
9030,Gpx4,0.38498501233162585,2.720868300825972e-10
3996,Usp33,0.3841839381400164,2.9830923628790577e-10
7298,Napa,0.3840942724052079,3.013926678633054e-10
12473,Sept8,0.383115010496627,3.371466289377734e-10
4138,Ndufb6,0.38256415817789324,3.590334443886326e-10
8082,Arhgef17,0.38217531074845834,3.753070748395899e-10
15034,Basp1,0.38214729314121215,3.7650688808949033e-10
3125,Stmn2,0.38139497840190284,4.10151866934229e-10
16502,Dusp1,0.38126858369067673,4.1608355951987864e-10
2224,Map1lc3a,0.38116079945642195,4.21207540546929e-10
10010,Dnaja2,0.38113869105164155,4.222660979396318e-10
4294,Ptpn3,0.38027100316549906,4.65912175211957e-10
10814,Sdr39u1,0.37960118621847877,5.025676994174887e-10
376,Tuba4a,0.37944220705736403,5.116701514825681e-10
11794,Morf4l1,0.37944100425703386,5.117396243465158e-10
7755,Bax,0.3790952640608566,5.320932815557373e-10
236,Satb2,0.3789505885717822,5.408413880704455e-10
17542,Mbp,0.3788537998204962,5.467716320951249e-10
16355,Ppp2r1a,0.37884567955377835,5.472720181687787e-10
2609,Araf,0.37852291323918563,5.675251797912631e-10
11352,Thy1,0.3783328359576687,5.797903957225434e-10
15253,Grina,0.3782549388262144,5.848908270953393e-10
6728,Aak1,0.378134538786669,5.928599106103922e-10
17450,Nars,0.3779839519432453,6.029753151232311e-10
14213,Map1b,0.3777146135990057,6.214865774556798e-10
3983,Ttll7,0.37740259725696335,6.436204431283045e-10
2974,Plp1,0.37697278125956113,6.753664412213945e-10
1096,Nenf,0.3767383802003318,6.933136260259457e-10
8078,Rab6a,0.3761049254387608,7.441592122259663e-10
1582,Scn1a,0.3757643738036628,7.729698779147746e-10
117,Cox5b,0.3753997343957503,8.050168008418951e-10
16031,Ndufb4,0.37502513756424194,8.39278908095712e-10
2893,Magee1,0.37347943062316796,9.962186045999426e-10
4682,Ncdn,0.3731137114615342,1.037318383564038e-09
13636,Epdr1,0.37307645032914377,1.0415968950742077e-09
13945,Hnrnpk,0.37293873409588807,1.0575590821294463e-09
2517,Tpd52l2,0.3727333884721305,1.0818010370312298e-09
16992,Epb41l3,0.3725461871386928,1.104369589573572e-09
2953,Tceal6,0.37243895233211843,1.1175024032104094e-09
14542,Pnn,0.3722103577290007,1.146004982734192e-09
14167,Tbca,0.37176256725424,1.2038937295852733e-09
8470,Fuom,0.37174437267297245,1.206304785766883e-09
15518,Kif21a,0.37165529052054824,1.2181772060572043e-09
12089,Mobp,0.37105434398219256,1.3012782433078164e-09
5930,Rsrc2,0.37065075500848643,1.3601434248080115e-09
11179,A230050P20Rik,0.37050833509321557,1.381525412834341e-09
16468,Haghl,0.37032843153745953,1.4090007967395938e-09
390,Slc4a3,0.37020586118029064,1.4280224943214477e-09
3064,Eif1ax,0.3701948860149713,1.42973781414182e-09
15725,Cdip1,0.3701583855502663,1.4354568786756912e-09
7259,Peg3,0.36977382336558806,1.4970746201630995e-09
16038,Cox17,0.36972527076511785,1.5050339527273025e-09
17443,Napg,0.369042240030545,1.621443931041062e-09
815,Cacybp,0.3685357799521678,1.7133437890611342e-09
2110,Dzank1,0.368401295588168,1.7385821041914082e-09
15805,Dnm1l,0.36767569709080195,1.881089104092349e-09
9336,Tbc1d30,0.3676589438915699,1.884509485065115e-09
2629,Slc25a5,0.3675351522320352,1.9099704798147862e-09
17530,Gm16286,0.3674854207785577,1.9202925734265025e-09
12132,Zfp445,0.3674151213781987,1.9349758810832386e-09
5304,Fosl2,0.3671635181219993,1.9884239607159102e-09
5237,Dpp6,0.3671241401193866,1.996917370053401e-09
8327,Sez6l2,0.36702385582033414,2.0187065675780348e-09
17458,Sec11c,0.36632284986413055,2.177576497984503e-09
10489,Rtraf,0.366112842113171,2.2274824688727856e-09
10320,Map1lc3b,0.3654992516647627,2.3797222596332722e-09
7286,Ube2m,0.36511363228778243,2.480503126623074e-09
15478,Cerk,0.3648442353789357,2.553348018348074e-09
14483,Lrrn3,0.3643641530486844,2.6883272591546534e-09
2060,Prnp,0.3642189350052107,2.7304995737759963e-09
415,Mff,0.36413757465523877,2.7544063167219407e-09
11547,Sema7a,0.36403020469401204,2.7862659457463144e-09
731,Uchl5,0.363722742162737,2.879484177862931e-09
16839,Klhdc3,0.3635327932518867,2.9385748394476007e-09
696,Phlda3,0.36332752082105224,3.0037516755462844e-09
393,Epha4,0.3632563412053967,3.0266771692772147e-09
16975,Vapa,0.3627043653212262,3.2102970653255452e-09
5977,Ran,0.3627020014892057,3.2111061299800224e-09
3058,Sms,0.3613531247557823,3.7064504552462556e-09
12822,Pitpna,0.3613345460969578,3.713764084040182e-09
6258,Hsph1,0.3611447736344894,3.7892736318134255e-09
5955,Ccdc92,0.36085911592231057,3.90574320313586e-09
12660,Vamp2,0.3607877747652834,3.935366833811715e-09
15380,Atf4,0.36073190118487375,3.958719390652474e-09
14078,Sdha,0.36069465855750554,3.974359474802345e-09
10952,Lgi3,0.36069167001488145,3.9756171043082675e-09
5199,Srpk2,0.360447759435194,4.07956708416043e-09
841,Kifap3,0.36006008991735805,4.250216024657523e-09
17624,B4gat1,0.3596984521257986,4.415617187778645e-09
15804,Yars2,0.3595728563618952,4.474503996720523e-09
9404,Naca,0.35950584697272114,4.506232018155463e-09
11717,Mlip,0.3594190425351646,4.547656381430869e-09
17737,Chrm1,0.35869066660818943,4.910065885138795e-09
15400,Rangap1,0.3585746430983239,4.970314963575389e-09
9217,Ndufa12,0.35843105832836447,5.0458665294869984e-09
11175,Ubl5,0.35842308324782496,5.050095260492708e-09
8270,Prkcb,0.3583708401313424,5.077881691648418e-09
11980,Nckipsd,0.3576988496726909,5.448742110056152e-09
6239,Ubl3,0.3576647463329515,5.4682453418156676e-09
1169,Atp5c1,0.356402042054756,6.239841558533681e-09
8590,Rgs17,0.3563491828826918,6.274337172025525e-09
16489,Rab11fip3,0.35620851395500014,6.36703750158406e-09
11080,Mbnl2,0.35611081536904565,6.432198193240361e-09
2135,Napb,0.3559340198230445,6.551755589182612e-09
6461,Ephb6,0.35568540086929035,6.72352417574112e-09
2965,Tceal5,0.3556749750954319,6.7308215357118506e-09
9581,Zmat4,0.3555979754584462,6.784953824693955e-09
15217,Lynx1,0.35558650452330687,6.793054052812278e-09
13215,Cntnap1,0.3555851992622339,6.793976358163507e-09
2262,Ndrg3,0.3553370573241559,6.971531472230151e-09
11760,Bckdhb,0.35527656829521825,7.015488941550181e-09
14741,Fos,0.35504564883576734,7.185775117628094e-09
6831,Itpr1,0.3543025406882656,7.76131071535524e-09
93,Dst,0.3541901119783383,7.85217752178286e-09
5561,G3bp2,0.3539680039589641,8.034720366451922e-09
11025,Pcdh9,0.3535947309390653,8.350776030494868e-09
8626,Hivep2,0.3534954996273877,8.436797600940979e-09
10374,2810455O05Rik,0.35342453071698565,8.498843606497875e-09
5292,Fndc4,0.3531479425207089,8.744891145456016e-09
6774,Hdac11,0.3530887847735451,8.798403165185376e-09
17447,St8sia3,0.3530884077782899,8.798745194333961e-09
14549,Togaram1,0.3530528298154167,8.83108120238762e-09
8919,Cisd1,0.3530104731935039,8.869727922914536e-09
10462,Cadps,0.352776813927021,9.085876523509434e-09
10621,Mapk8,0.3525630731253667,9.28804998829484e-09
15209,Adgrb1,0.3523769225233859,9.467661730128784e-09
14363,Kcns3,0.3521900120284974,9.65138087846441e-09
7192,Ndufa3,0.3521491846232628,9.69196709232855e-09
13941,Ubqln1,0.3521294778602645,9.711616391477515e-09
6205,Arpc1a,0.3511290382793092,1.0761324451101743e-08
5939,Arl6ip4,0.35106105362626977,1.0836502110805146e-08
3928,H2afz,0.35092566975119865,1.098772393863799e-08
8081,Relt,0.3508103275653718,1.1118165777996297e-08
4561,Rnf220,0.3506641880756246,1.1285586032910467e-08
4256,Nr4a3,0.35050806077878544,1.146713835666065e-08
4241,Ncbp1,0.3504422662301567,1.154448941675324e-08
3623,Sv2a,0.3503787541295835,1.1619635011169091e-08
3744,Kcna2,0.3501651783273384,1.1875812688445731e-08
641,Klhdc8a,0.3501056947585403,1.1948127130361525e-08
10112,Got2,0.3499443046518325,1.2146478534475437e-08
3340,Dhx36,0.34976921907108965,1.2365257821064172e-08
10523,Vdac2,0.3496435372012697,1.25246456411131e-08
15097,Azin1,0.34887959828614185,1.3536999678920433e-08
1383,1700001O22Rik,0.34887862186428276,1.3538342819413653e-08
13715,Uqcrfs1,0.3487369242981333,1.3734628694107145e-08
6520,Osbpl3,0.34870388333887914,1.3780792057655898e-08
2325,Kcns1,0.34838755326014664,1.4230404852835874e-08
5422,Sel1l3,0.34837213112943205,1.4252683213481636e-08
17723,Cox8a,0.34800986530070194,1.4785793946703451e-08
7818,Slc17a6,0.347472586488236,1.5612054697479975e-08
12532,Guk1,0.34746187661482447,1.562896979581008e-08
10797,Nedd8,0.3474261668795199,1.5685497436520842e-08
1308,Fam69b,0.34722422671371694,1.6008896737965118e-08
9462,Mcoln1,0.3471931541933586,1.6059226103300553e-08
11055,Ndfip2,0.3471727601727752,1.6092342075591986e-08
17001,Myl12b,0.3470370612306658,1.6314375650011032e-08
2843,Pja1,0.3469591985345029,1.6443108456537062e-08
3982,Prkacb,0.3465973905076647,1.7054272621460916e-08
6972,Clstn3,0.34630267518881774,1.7568253490014446e-08
6670,Dctn1,0.3461594860392494,1.7823339553865844e-08
2949,Armcx3,0.3458536418047752,1.8380216706870964e-08
3128,Tpd52,0.3457829830831441,1.8511238969194093e-08
2155,Fkbp1a,0.3455188945553898,1.9008964124768913e-08
3300,Rfxap,0.3449749469834389,2.0075153141103505e-08
17095,Msh2,0.34496001263742704,2.0105224887433132e-08
6642,Lrrtm1,0.34489276497514226,2.024117393335069e-08
13520,Actg1,0.3444067539366344,2.1250413910140046e-08
10485,Ube2e2,0.34395187765570073,2.2238868606948472e-08
4226,Tomm5,0.34382476988506244,2.2522912455673654e-08
5635,Klhl8,0.3436740451771155,2.2864269686385398e-08
10972,Sucla2,0.3436685008209198,2.2876921094550025e-08
2822,Maged1,0.3436261118578665,2.2973869944371597e-08
1872,Ccdc32,0.34351210347049077,2.323659208485268e-08
4651,Epha10,0.34306556235643915,2.4293792219556296e-08
3783,Wdr47,0.3427706074124514,2.501739355109439e-08
17278,Ndufa2,0.34274749696189566,2.5074959531791714e-08
15880,Ap2m1,0.3424458357047998,2.5838188603319158e-08
17192,Mapre2,0.3423116635263503,2.6184810554686386e-08
14401,Ywhaq,0.34210882017023697,2.671736806452828e-08
7481,Psmc4,0.34208678821007343,2.6775837159798746e-08
4831,Rsrp1,0.34206472138523225,2.6834522475016962e-08
7603,Fxyd7,0.3413435517647646,2.8822184338629453e-08
8197,Btbd10,0.34094755158701995,2.997325047877963e-08
13135,Neurod2,0.34078122312766085,3.046983059934104e-08
3142,Ralyl,0.340366388958289,3.174314423361247e-08
1360,Sptan1,0.33997000549984785,3.3007659336269507e-08
7462,Sptbn4,0.3398825117579498,3.329324812401508e-08
12093,Eif1b,0.33981638897551875,3.351065885196884e-08
778,Stx6,0.3397398612410057,3.376398983705054e-08
13940,Idnk,0.3394039816347026,3.4897859806857285e-08
15962,Pigz,0.33918885703605717,3.564327280193138e-08
5267,Mapre3,0.33910398593880176,3.594155584417946e-08
6614,Reep1,0.33904864079045033,3.613736335465213e-08
15258,Cyc1,0.33876388782638106,3.716116698370351e-08
10540,Ppif,0.33864690651822654,3.7589815546699746e-08
636,Mfsd4a,0.3382333585417075,3.914369264670486e-08
4709,Yars,0.3382032464157242,3.9259223330415154e-08
10451,Pdhb,0.3381681688097627,3.9394219411303306e-08
10059,Ogfod1,0.33785913336589374,4.060303383989927e-08
1867,Disp2,0.3378202635268672,4.075758355151239e-08
6570,Nt5c3,0.3374654008857628,4.219501007593177e-08
11033,Klf5,0.33737048764290956,4.2587676398092263e-08
6772,Iqsec1,0.3371909224129745,4.334021157760665e-08
8318,Fam57b,0.33710824966720837,4.369097522389994e-08
68,Tmem14a,0.33700965447724845,4.411287183393314e-08
12791,Emc6,0.336956386257325,4.434244139775359e-08
16175,Sod1,0.336777974710545,4.5119755164561615e-08
13696,Acot13,0.3365541757826468,4.611339383014336e-08
17471,Afg3l2,0.3364115545405777,4.675757782872638e-08
7326,Pnmal1,0.33636579525465793,4.696609188877379e-08
6368,Atp6v1f,0.3360839054634693,4.8270492648173156e-08
15980,Rubcn,0.3360812204750611,4.82830832488976e-08
11705,Gnb5,0.33589215573131626,4.917765650987391e-08
13896,Tspan17,0.3357306563327781,4.995442895329932e-08
3241,Exosc9,0.3357165210418278,5.0022975982689866e-08
5728,Ep400,0.33564236027828764,5.038409521252182e-08
11863,Rab6b,0.3356003968143079,5.058954380384054e-08
13822,Cap2,0.33540068847613214,5.157840496157648e-08
1651,Hnrnpa3,0.3350998810493701,5.310308802445622e-08
14915,Bag5,0.33483809868279046,5.4465219728670004e-08
3188,Eif5a2,0.3347695337132762,5.48275081818607e-08
1888,1700020I14Rik,0.334540279417005,5.605579109919424e-08
10127,Car7,0.33439541819993407,5.6845537551122285e-08
6578,Herc3,0.334395001853062,5.684782273820216e-08
4369,Rraga,0.3342932261190399,5.7409097694488424e-08
6444,Mkrn1,0.3342084174100925,5.788087582106144e-08
5742,Miat,0.33416141084476925,5.814397237443881e-08
3393,Gria2,0.3341110905643009,5.842689219840838e-08
6420,Mtpn,0.3340736073493795,5.8638498297555917e-08
229,Hspe1,0.3338599625024656,5.985876453270104e-08
2069,Gpcpd1,0.3337943429799335,6.023844464252687e-08
14823,Chga,0.3337537678403362,6.047437513329937e-08
11400,Scn2b,0.3332544462527739,6.345160846827719e-08
1431,Sh2d3c,0.33317488540685386,6.393884520838852e-08
13312,Tlk2,0.3329282249469994,6.5472419164474e-08
4569,Atp6v0b,0.3328762901626951,6.579979949099498e-08
8170,Nrip3,0.33278422327171725,6.638403756138187e-08
5943,Cdk2ap1,0.3327190287527276,6.68007662926681e-08
3412,Trim2,0.3325284029924364,6.803376218933452e-08
15167,Ndufb9,0.33224403950750725,6.991387702892503e-08
6045,Ywhag,0.3319336619111541,7.202306970752717e-08
14442,Dld,0.33176387133208146,7.320267826134576e-08
6825,Cntn4,0.3315687184062075,7.458146674369824e-08
10162,Pard6a,0.33147339818444505,7.526397463409725e-08
17142,Usp14,0.33132844166961234,7.631342282659886e-08
15893,Chrd,0.3310947284827766,7.803517212052626e-08
6111,Lamtor4,0.33095923130873695,7.905042943764561e-08
13469,Snhg20,0.3309448140988729,7.915920047864152e-08
12124,Snrk,0.330931584638757,7.925913724164707e-08
5987,Chchd2,0.330720546385885,8.08698578672745e-08
4045,Clvs1,0.33065914518531986,8.13443803694355e-08
7858,Tarsl2,0.3305498297050888,8.219583593254435e-08
471,Arl4c,0.33034028393227555,8.385202483543915e-08
12253,Cobl,0.3301846840006262,8.510257166812025e-08
3080,Reps2,0.33003302574037624,8.633870041459252e-08
7507,Mrps12,0.3298792443696286,8.760976921984605e-08
14886,Mirg,0.3296375065409043,8.964431208671346e-08
12226,Ogdh,0.3296203788028394,8.979017660185955e-08
16036,Gsk3b,0.32959006514057115,9.004889606034234e-08
1923,Ppip5k1,0.32946891539610274,9.10900591118593e-08
2149,Abhd12,0.3293817492426439,9.184632179816954e-08
13411,Atp5h,0.3292870423069626,9.267485673474419e-08
14893,Dync1h1,0.32908314046230647,9.44831527979188e-08
4510,Cmpk1,0.3289411098266967,9.576275549891825e-08
3069,Pdha1,0.3285987072628027,9.891649665283436e-08
12107,Ss18l2,0.3284254218424945,1.0055041015546549e-07
269,Ica1l,0.3283290602221046,1.014702086954357e-07
13400,Nat9,0.32832526166542214,1.0150663230791647e-07
8137,Apbb1,0.3281894448494308,1.0281724963172191e-07
2605,Rbm10,0.327948334791297,1.0518414135625633e-07
10899,Elp3,0.3277914104295082,1.067526765665071e-07
7416,Rabac1,0.3276530582112589,1.0815421691647623e-07
3305,Dclk1,0.3275114824808939,1.0960672795091414e-07
12115,Higd1a,0.3274808953504584,1.0992299548617287e-07
1677,Nckap1,0.32740564973852243,1.1070476701725512e-07
15178,Adcy8,0.3273136478893732,1.1166789755277652e-07
7584,Cox6b1,0.32727837740057075,1.1203926310763276e-07
7526,Fam98c,0.32705368117560774,1.1443314540120725e-07
16082,Plcxd2,0.3269140484491688,1.1594547626300159e-07
2027,Idh3b,0.32681197511005844,1.1706315258104995e-07
5226,Rheb,0.32677027307754636,1.17522754076e-07
15077,Polr2k,0.32674472611001376,1.1780516595910722e-07
2228,Ggt7,0.3267431857333228,1.1782221507704111e-07
14327,Dnajc27,0.3265555722115934,1.199165906276386e-07
15407,Aco2,0.3263188738705513,1.226100292967744e-07
118,Actr1b,0.32612494357750454,1.2486007032674607e-07
15450,Sult4a1,0.3258557994531043,1.280486551894333e-07
9754,Spock3,0.3258288793194674,1.283718546776307e-07
7640,Tshz3,0.32558878047915063,1.3128935631539248e-07
2779,Atp6ap1,0.3254918470247745,1.324851944066136e-07
1124,Hsd11b1,0.3254502827165078,1.330011623389638e-07
3992,Dnajb4,0.3251782744767743,1.3642580317538906e-07
5213,Cdk5,0.3251501368780444,1.3678486147404145e-07
11476,AI593442,0.3248309840450962,1.4092163247473035e-07
8563,Ppfia1,0.32419414224476506,1.4953853911253401e-07
991,Zbtb18,0.32414600305782776,1.502100908075587e-07
16970,Fbxl17,0.32398897345096384,1.524208972184905e-07
3926,Ddit4l,0.32395108953751045,1.5295892601000948e-07
14982,Ttc33,0.3238087847390694,1.549962982655508e-07
8141,Timm10b,0.323252552977806,1.6321293595642653e-07
2577,Dynlt3,0.3231915347236573,1.6413936479390281e-07
11927,Tusc2,0.3230515332115626,1.662841208701739e-07
15042,Ank,0.3228305633459929,1.6972417319059007e-07
344,Pnkd,0.3221025658346424,1.8154810869664932e-07
10084,Coq9,0.32199518796554644,1.8335773215779356e-07
11981,Celsr3,0.321911745766366,1.847759252697555e-07
4503,Elavl4,0.321724584680135,1.8799536891298325e-07
993,Adss,0.3216349471051815,1.8955628675629275e-07
17746,Hnrnpul2,0.32157832346783527,1.9054872029200072e-07
7738,Dkkl1,0.3215658629137821,1.9076778360916128e-07
4427,Dnajc6,0.32152040418431876,1.915690261230025e-07
10839,Fgf9,0.32150482507860567,1.9184436209074377e-07
11810,Paqr9,0.32143737451084836,1.9304083635372978e-07
12997,Trim37,0.32141234772916827,1.934865955958238e-07
2961,Bex2,0.3208217803281469,2.042969625474271e-07
11159,Slc36a4,0.32061357710779675,2.0824466520187106e-07
9040,Ndufs7,0.3205156214954745,2.101272317644325e-07
11411,Rnf214,0.32049182345017074,2.1058705822144377e-07
14487,Pnpla8,0.3202525634185797,2.1526407508202997e-07
5891,Ppp1cc,0.3201655160774268,2.1699028656185224e-07
3774,Sort1,0.3201215025922606,2.1786815866023147e-07
6071,Ache,0.32005261673024155,2.1924897432006883e-07
6330,Capza2,0.3200478438430478,2.1934495746319053e-07
14903,Amn,0.3199988567938166,2.2033242653948892e-07
13372,Abca5,0.31999343582549056,2.2044196311740473e-07
17059,Map4k3,0.31991104036646867,2.2211330572613614e-07
13179,Eif1,0.3198740883843898,2.228668011556582e-07
7551,Zfp260,0.3198118476622867,2.2414151756878987e-07
5933,Denr,0.3197916445840542,2.2455678837194105e-07
16752,Mrps18b,0.3197188398097565,2.260594157271502e-07
15520,Slc2a13,0.3195305746921841,2.2998994823338898e-07
13738,Tubb2a,0.3195219729694561,2.301710907792192e-07
3190,Rpl22l1,0.3191702491779727,2.3769646821729102e-07
12889,Ift20,0.3191427761038513,2.3829411876009042e-07
1185,Mindy3,0.3191214126754155,2.387598568161669e-07
17472,Prelid3a,0.3190383700253557,2.405785622920492e-07
5027,Camta1,0.3189823528766585,2.4181289133423584e-07
6758,Podxl2,0.3189510039857586,2.425063106244364e-07
13954,Agtpbp1,0.3189457725004725,2.4262221378795575e-07
16310,Mrpl18,0.31893123400673296,2.4294459239715587e-07
16169,Cct8,0.3188211289534964,2.4539946527217475e-07
12507,Sap30l,0.318655810869677,2.4913013256275997e-07
9842,Ccdc124,0.3186494589764238,2.492745540688872e-07
4861,Luzp1,0.3186285611197245,2.4975027123786866e-07
3318,Eif2a,0.31852064749603887,2.5222071367532096e-07
13742,Slc22a23,0.3184157744591942,2.546440178548363e-07
6452,Agk,0.3181971619227905,2.5976757136107493e-07
8175,Ipo7,0.31816609415455627,2.6050368043903183e-07
14742,Jdp2,0.31804415332790437,2.634123072993125e-07
14790,Eml5,0.31794376249580686,2.6583028233355015e-07
15606,Faim2,0.317878082726446,2.6742373513888915e-07
3985,Adgrl2,0.31764839955263446,2.7306847726156047e-07
4353,Lurap1l,0.31764551071190866,2.731401971457674e-07
17906,Atad1,0.3173144381901278,2.814804602969972e-07
3644,Ankrd35,0.3172496353290844,2.831413114463305e-07
10823,Zmym2,0.31718998256734776,2.8467848081038037e-07
4090,Usp45,0.31713893865656984,2.8600016867827007e-07
11058,Slitrk1,0.3170544684344308,2.882003169522463e-07
10020,Gm2694,0.3168819753260326,2.927437142173888e-07
2310,Gdap1l1,0.31674555145781047,2.9638566861399955e-07
7061,Gabarapl1,0.3167257004856781,2.9691921828182524e-07
11387,Tmem25,0.3164737444419285,3.037718463331807e-07
17555,Cbln2,0.31647225933440787,3.038126842820676e-07
17066,Cox7a2l,0.31624517954062215,3.1011937886312344e-07
16383,Hcfc1r1,0.31601424591769967,3.1666186418938245e-07
15528,Zcrb1,0.3159428112350476,3.18712331756924e-07
15566,Ccdc184,0.31593649102754534,3.188943597898619e-07
11215,Smarca4,0.3158927454900422,3.2015701088505666e-07
10041,Fto,0.31588841191303146,3.202823540954727e-07
6553,Ggct,0.315806298130969,3.2266630942533576e-07
1384,Ntmt1,0.3157739416642298,3.236103621611594e-07
9970,Cacna1a,0.3151483581178859,3.423923432139436e-07
13222,Coa3,0.31513224776725796,3.428895765513528e-07
728,B3galt2,0.3149799456573951,3.476246215324528e-07
3051,Nbdy,0.31492360507368106,3.4939208464076917e-07
15547,Slc38a1,0.3146935221076348,3.566999345883269e-07
10955,Nudt18,0.31446718337197066,3.640317990353088e-07
7317,Fkrp,0.3144663842473043,3.640579396553065e-07
14562,Klhdc2,0.31440254168702114,3.6615215829742485e-07
9939,Scoc,0.3144007258330133,3.6621189219617307e-07
5023,Slc45a1,0.31427457059092206,3.703848276973673e-07
13002,Mtmr4,0.31420533170163867,3.726944438210382e-07
16824,Dlk2,0.31397550478973,3.8046027525483383e-07
13118,Pcgf2,0.3139523783203259,3.81250255641313e-07
13919,Tmed9,0.3138430566234359,3.8500593705581186e-07
9522,Cul4a,0.3137996256873037,3.8650780830549294e-07
17860,Pip5k1b,0.3137753049985764,3.873512869727439e-07
4098,Klhl32,0.3134199172937931,3.9987988661434216e-07
12525,Hist3h2ba,0.313328992551093,4.0314718858850126e-07
6347,Wasl,0.3130250398046018,4.1425634232823704e-07
2585,Med14,0.3129669068448815,4.164142215901213e-07
11401,Scn4b,0.3128269386575514,4.216541123172162e-07
8453,Bnip3,0.31282108940419323,4.2187445732183104e-07
2078,Tmx4,0.3127332594845195,4.251963711586363e-07
9094,Zfr2,0.31261706139249,4.296297900581926e-07
3137,Impa1,0.3125917638617986,4.306008498886843e-07
6472,Tcaf1,0.31257297991702726,4.313232432329824e-07
15111,Zfpm2,0.31231780651367197,4.4125256440527275e-07
2920,Chm,0.3121096289282124,4.4951515820543215e-07
5015,Slc25a33,0.3118962115934803,4.5813961190439425e-07
4659,Meaf6,0.31183341683259336,4.607072831710897e-07
5080,Gabrd,0.3116493394959574,4.6831393109446954e-07
2216,Chmp4b,0.3114993256605926,4.7460186977529744e-07
5802,Pop5,0.3114757529399224,4.7559726639573425e-07
4064,Fam92a,0.3114608686359683,4.762268109057888e-07
4351,Ptprd,0.31136019231126083,4.805060267589167e-07
1930,Hypk,0.31135522839222995,4.807179672901114e-07
9072,Oaz1,0.3113148000976721,4.824474424614276e-07
7,Atp6v1h,0.3112513876369981,4.851721740542683e-07
11200,Atg4d,0.31123379311663163,4.859307927784841e-07
6544,Chn2,0.3110136402485689,4.95519720528109e-07
12597,Ttc19,0.3107552373579628,5.070060913718235e-07
15968,Cep19,0.31074836725258465,5.073149329657279e-07
9971,Ier2,0.31072298353824107,5.084576077905503e-07
10801,Rabggta,0.3106333051393648,5.125143615152107e-07
2728,Cd99l2,0.3105383869157609,5.168419356600244e-07
11161,Chordc1,0.3103014651586193,5.27797173836794e-07
6554,Gars,0.31010238396574274,5.371744121398074e-07
14178,Sv2c,0.30999248858768963,5.424189476138631e-07
17331,Arhgap26,0.30961185585942846,5.609658167534581e-07
2780,Gdi1,0.3095657081724799,5.632553023293182e-07
9794,Ndufa13,0.3095117263349944,5.659448202612114e-07
3918,Ube2d3,0.30950932442974005,5.660647750327951e-07
4032,Chchd7,0.30950736011927715,5.661628937692238e-07
11391,Atp5l,0.3094199031341173,5.705479870220437e-07
15757,Tvp23a,0.3093520878579969,5.739706272638286e-07
4358,Zdhhc21,0.30867284368963555,6.093552585268559e-07
253,Ndufb3,0.3085549264297693,6.157072030353813e-07
5401,Qdpr,0.3083896291561786,6.247182788411959e-07
2079,Plcb1,0.3082939299399473,6.299928625765177e-07
1260,Ssna1,0.30825606476875966,6.320916064243938e-07
4739,Pef1,0.30819818491629963,6.353126480151065e-07
7156,Fgfr1op2,0.3077847939433267,6.587795201083259e-07
50,Eloc,0.30757434507331205,6.710427187268787e-07
15828,Aifm3,0.3075033340608923,6.752297591976644e-07
8594,Pcmt1,0.30748129008559816,6.765346252703567e-07
318,Lancl1,0.30740396354887356,6.811309962716861e-07
81,Adgrb3,0.3073549475091051,6.840600332714378e-07
11392,Ube4a,0.30727081879712587,6.891154299821575e-07
14634,Sptb,0.3072537411788765,6.90146004593056e-07
977,Rgs7,0.3070937046295321,6.998756493282674e-07
9226,Mrpl42,0.30699844257668063,7.057294635309045e-07
12744,Slc25a11,0.30695161733206067,7.086240158049788e-07
2565,Rbm3,0.3069032538949373,7.116255871037222e-07
9275,Osbpl8,0.30685056081350837,7.149097266323502e-07
3477,Syt11,0.3064072707816511,7.431186980131412e-07
8053,Gdpd5,0.30638591978580026,7.445039364310027e-07
5252,Dnajb6,0.3062625377228167,7.525574379250191e-07
10997,Dnajc15,0.3062270490782379,7.548892873668379e-07
2118,Naa20,0.306125296205039,7.616135721271299e-07
1501,Scai,0.3060636751606258,7.657136077837087e-07
15195,Fam135b,0.30602055398278466,7.685952903707201e-07
3747,Lamtor5,0.30597822413767356,7.714341875979126e-07
16433,Ndufb10,0.3058240299288108,7.818605218494042e-07
11851,Slc35g2,0.3056732047470367,7.921894863191894e-07
1799,Hipk3,0.30541047917629316,8.104944507741428e-07
13612,B3galnt2,0.30503411219898985,8.374241300892668e-07
3404,Plrg1,0.30497591139886354,8.416642078400587e-07
5536,Rufy3,0.30485515138510944,8.505275332675691e-07
4809,Sh3bgrl3,0.30473242010592116,8.596270452671712e-07
1126,Camk1g,0.3046839710929932,8.632447302441147e-07
13979,2010111I01Rik,0.3041023041118917,9.078313949261202e-07
18119,Hspa12a,0.30381619642682844,9.305630238024833e-07
6804,Uba3,0.3037301576911452,9.375047664667612e-07
8211,1110004F10Rik,0.30352058529009324,9.546213599391624e-07
8177,Wee1,0.30337080496828067,9.670372981119799e-07
7816,Nell1,0.3031523979799301,9.85419265960781e-07
11519,Lingo1,0.3029697075443044,1.0010515192345388e-06
12596,Zswim7,0.302447401199118,1.0470632655408692e-06
14043,Adcy2,0.3023319070888437,1.0575072353781154e-06
12330,Nsg2,0.30228828169546595,1.061478088301754e-06
8394,Inpp5f,0.30220543213202866,1.0690584855108387e-06
1271,Abca2,0.3021556986385711,1.0736337403690088e-06
6744,Copg1,0.3021262967664844,1.0763473819678063e-06
5524,Polr2b,0.3020564127485563,1.0828236717348322e-06
13785,Smim13,0.30205085493582334,1.0833403221384224e-06
6336,Kcnd2,0.30153212532128704,1.132613071778269e-06
16079,Tagln3,0.30142064288422166,1.1434787964489403e-06
6619,St3gal5,0.30141147436800864,1.1443768361936076e-06
16315,Sod2,0.3014030948557685,1.1451981843255796e-06
3244,Trpc3,0.3013436089480838,1.1510451385359814e-06
17706,Esrra,0.30132162732147616,1.1532129593079227e-06
1329,Wdr5,0.301231609497684,1.1621312913244847e-06
9566,Vdac3,0.3010312805210087,1.1822157996505365e-06
3048,Ubqln2,0.30102942713685304,1.1824031561168318e-06
6001,Caln1,0.30101833772779213,1.1835247650303885e-06
2433,Gnas,0.3008310189396789,1.2026250707693768e-06
10081,Cx3cl1,0.3007833932852134,1.2075281038395923e-06
10969,Itm2b,0.3007665150382363,1.2092702923206698e-06
16400,Pdpk1,0.3006993080165015,1.216231333612296e-06
15448,Mpped1,0.3006828041305959,1.2179465924712945e-06
14577,Tmx1,0.3006149402838541,1.2250240653054433e-06
16820,Polr1c,0.30024438379707136,1.2643680367948614e-06
18074,Sfr1,0.3001909717229628,1.270137748599086e-06
11140,Endod1,0.3000782619012228,1.2823956746668146e-06
18143,mt-Co2,-0.7815306393473724,6.127028687838755e-53
7377,Apoe,-0.7807937772718649,8.858236107187877e-53
8568,Bc1,-0.7753997343957503,1.260919566607753e-51
18142,mt-Co1,-0.7752661734016315,1.345355420045039e-51
18149,mt-Nd4,-0.7680736103206223,4.137094057237794e-50
18146,mt-Co3,-0.7642883703282111,2.389303191886984e-49
18145,mt-Atp6,-0.7535139442231075,2.950205593622296e-47
18141,mt-Nd2,-0.7310324416619237,3.196015672810067e-43
14555,Rps29,-0.721075317776513,1.458982353544655e-41
18152,mt-Cytb,-0.7194862454942137,2.6437243886639226e-41
18150,mt-Nd5,-0.7153162587744262,1.233887009358881e-40
18140,mt-Nd1,-0.7018926199962056,1.464965709015047e-38
18147,mt-Nd3,-0.6883642572566875,1.3877307823003137e-36
1781,Slc1a2,-0.6863304875735154,2.6922586049535556e-36
10905,Clu,-0.6555226712198824,3.299695890556522e-32
1274,Ptgds,-0.6297279453614115,3.898027546092651e-29
9756,Cpe,-0.6143987858091444,1.9218651089594947e-27
15582,Ddn,-0.611344882087727,4.0738089512665846e-27
2136,Cst3,-0.5824169986719787,3.410351754943198e-24
772,Glul,-0.5595120470498957,4.454118986550971e-22
4853,Id3,-0.5559606045916845,9.17016046180168e-22
6423,Ptn,-0.5456658696335225,7.089484591462759e-21
4631,Hpcal4,-0.5308010438573754,1.203657779958392e-19
11585,Rplp1,-0.5251906659077974,3.3818811290184444e-19
949,Atp1a2,-0.521389489660406,6.73663721929836e-19
18148,mt-Nd4l,-0.5200084462167511,8.634825019880187e-19
7102,Mgp,-0.5117093198426713,3.748862544123569e-18
17415,Camk2a,-0.5116452751491476,3.790992476294412e-18
3762,Gstm1,-0.5025661262268248,1.805372073437675e-17
336,Rpl37a,-0.49393284006829824,7.632443479154743e-17
10065,Mt1,-0.49360728514513375,8.052469769697226e-17
16776,Gm42418,-0.4891551846538712,1.6658022262103884e-16
579,Dbi,-0.48382166571808005,3.924858975271699e-16
16628,Rps28,-0.4816115502962618,5.574017973997918e-16
17169,Aqp4,-0.4732038792515364,2.069077679768655e-15
3527,Rps27,-0.46810101842175356,4.507612328719033e-15
13277,Gfap,-0.4673051631545168,5.0837332410343636e-15
13065,Ppp1r9b,-0.4530992336632332,4.131669448717711e-14
18069,Neurl1a,-0.44491090600021754,1.3235780820714e-13
14998,Slc1a3,-0.4431411147854778,1.695369130244919e-13
12879,Aldoc,-0.4412225384177576,2.2136856752788288e-13
2273,Nnat,-0.43187287234843447,7.931871204131511e-13
2483,Rps21,-0.4316623031682792,8.159501614703249e-13
7910,Mfge8,-0.4290284492913661,1.1605088362413052e-12
8668,Rps12,-0.42759568491586647,1.403829322498925e-12
18144,mt-Atp8,-0.41254347591302154,9.830508781505532e-12
9431,Rpl41,-0.4001494972490989,4.545744658358539e-11
15955,Apod,-0.3840945584272952,3.01382783111441e-10
744,Prg4,-0.37576835408662373,7.726269825892281e-10
3541,S100a1,-0.37246572911453774,1.1142090028229496e-09
825,Prdx6,-0.3722085497566517,1.1462331955501834e-09
4443,Plpp3,-0.370502066042171,1.3824740509282035e-09
10064,Mt2,-0.36510345749136147,2.4832174578245653e-09
2130,Thbd,-0.3606519350732204,3.992374874540809e-09
11552,Islr,-0.3584715689039103,5.0244389000267834e-09
6161,Mmd2,-0.35806720067148157,5.242328230290527e-09
833,Myoc,-0.3580127902354184,5.27233519930805e-09
13836,Id4,-0.35474305235596015,7.414974716680528e-09
15369,Nptxr,-0.3545653761057119,7.552830044565216e-09
16431,Rps2,-0.3539864075102335,8.019440626295281e-09
9434,Rps26,-0.3533697590590021,8.547030067574317e-09
3547,S100a6,-0.35068481895104114,1.1261804138281365e-08
13151,Thra,-0.34677114277033144,1.6758083763484413e-08
6418,Slc13a4,-0.3461076146200612,1.791662562005477e-08
1191,Vim,-0.34319019250321275,2.3994147740330884e-08
9043,Rps15,-0.34313912789587564,2.4116487164665126e-08
6342,Ptprz1,-0.3368647334133498,4.4740133902380596e-08
11832,Rbp1,-0.3328153109345764,6.618620515062494e-08
10176,Lcat,-0.33209257617798177,7.093561774596032e-08
945,Pea15a,-0.33105820700265154,7.83075789787814e-08
7574,Arhgap33,-0.33048289370023565,8.272142612781419e-08
12088,Rpsa,-0.3280688021509635,1.039950784743026e-07
5815,Rplp0,-0.32749617292661803,1.097649174770296e-07
14856,D430019H16Rik,-0.3253020967305341,1.348564717266383e-07
3272,Slc7a11,-0.3243951974584451,1.4676484436067374e-07
3446,Bcan,-0.32344700055836306,1.602940786106067e-07
1695,Serping1,-0.3226132346423176,1.7317418871996594e-07
6085,Pcolce,-0.32122484326658485,1.9685789209735506e-07
4900,Nbl1,-0.319531108900198,2.2997870293350247e-07
11679,Aldh1a2,-0.31814965155902597,2.608940756585436e-07
18048,Psd,-0.31710757984115884,2.868150658798954e-07
17764,Asrgl1,-0.313130692373239,4.1036197355719187e-07
17179,Ttr,-0.3107243996821152,5.083937936505376e-07
11664,Anxa2,-0.3095591123985323,5.635832632290288e-07
3979,Gng5,-0.3071978863032027,6.935269699149832e-07
8492,Ifitm3,-0.30610970125522746,7.626492110056255e-07
12580,Slc47a1,-0.3050659230622055,8.351152767237939e-07
7493,Rps16,-0.30487199864770015,8.492856676392143e-07
7111,Mgst1,-0.30305500963699666,9.937231834488013e-07
13063,Col1a1,-0.30169093103647276,1.1173053304747026e-06
3544,S100a16,-0.3014654548073466,1.1390992375833227e-06
14979,Rpl37,-0.30077101119332195,1.2088059602634452e-06
